[
  {
    "id": 1,
    "title": "Advisory 1",
    "link": "/advisory/1",
    "reference": "https://source.com/1"
  },
  {
    "id": 2,
    "title": "Advisory 2",
    "link": "/advisory/2",
    "reference": "https://source.com/2"
  },
  {
    "id": 3,
    "title": "Advisory 3",
    "link": "/advisory/3",
    "reference": "https://source.com/3"
  },
  {
    "id": 4,
    "title": "Advisory 4",
    "link": "/advisory/4",
    "reference": "https://source.com/4"
  },
  {
    "id": 5,
    "title": "Advisory 5",
    "link": "/advisory/5",
    "reference": "https://source.com/5"
  },
  {
    "id": 6,
    "title": "Advisory 6",
    "link": "/advisory/6",
    "reference": "https://source.com/6"
  },
  {
    "id": 7,
    "title": "Advisory 7",
    "link": "/advisory/7",
    "reference": "https://source.com/7"
  },
  {
    "id": 8,
    "title": "Advisory 8",
    "link": "/advisory/8",
    "reference": "https://source.com/8"
  },
  {
    "id": 9,
    "title": "Advisory 9",
    "link": "/advisory/9",
    "reference": "https://source.com/9"
  },
  {
    "id": 10,
    "title": "Advisory 10",
    "link": "/advisory/10",
    "reference": "https://source.com/10"
  },
  {
    "id": 11,
    "title": "Advisory 11",
    "link": "/advisory/11",
    "reference": "https://source.com/11"
  },
  {
    "id": 12,
    "title": "Advisory 12",
    "link": "/advisory/12",
    "reference": "https://source.com/12"
  },
  {
    "id": 13,
    "title": "Advisory 13",
    "link": "/advisory/13",
    "reference": "https://source.com/13"
  },
  {
    "id": 14,
    "title": "Advisory 14",
    "link": "/advisory/14",
    "reference": "https://source.com/14"
  },
  {
    "id": 15,
    "title": "Advisory 15",
    "link": "/advisory/15",
    "reference": "https://source.com/15"
  },
  {
    "id": 16,
    "title": "Advisory 16",
    "link": "/advisory/16",
    "reference": "https://source.com/16"
  },
  {
    "id": 17,
    "title": "Advisory 17",
    "link": "/advisory/17",
    "reference": "https://source.com/17"
  },
  {
    "id": 18,
    "title": "Advisory 18",
    "link": "/advisory/18",
    "reference": "https://source.com/18"
  },
  {
    "id": 19,
    "title": "Advisory 19",
    "link": "/advisory/19",
    "reference": "https://source.com/19"
  },
  {
    "id": 20,
    "title": "Advisory 20",
    "link": "/advisory/20",
    "reference": "https://source.com/20"
  }
]